Stock,Optimal Weight
AAPL,0.09912575394760459
MSFT,0.0184204495705463
NVDA,0.05690282892167144
GOOGL,0.04125305765556694
AMZN,0.7842979099046108
